event_datetime,event_count,rolling_mean,rolling_std,z_score,is_anomaly
2021-01-03,6,,,,False
2021-01-10,24,,,,False
2021-01-17,59,29.666666666666668,26.950572040929547,1.0884122715015143,False
2021-01-24,70,39.75,29.848227194703988,1.013460524897348,False
2021-01-31,113,54.4,41.72888687707833,1.404302975361391,False
2021-02-07,60,55.333333333333336,37.39340405294317,0.12479919346362262,False
2021-02-14,72,57.714285714285715,34.71173809973741,0.4115528368146553,False
2021-02-21,40,55.5,32.7414110874898,-0.4734065968806827,False
2021-02-28,65,62.875,25.93639197289069,0.081931210872395,False
2021-03-07,73,69.0,20.701966780270634,0.1932183566158591,False
2021-03-14,88,72.625,21.232976374363677,0.7241095044293228,False
2021-03-21,100,76.375,23.255951619193873,1.0158689864362094,False
2021-03-28,94,74.0,19.675946156229884,1.016469543126266,False
2021-04-04,113,80.625,22.940528702339396,1.411257797066312,False
2021-04-11,97,83.75,23.29776200165404,0.568724154665985,False
2021-04-18,121,93.875,18.7192605165299,1.449042283270083,False
2021-04-25,108,99.25,15.05940617307719,0.5810322066777786,False
2021-05-02,121,105.25,12.441290700153084,1.2659458234350398,False
2021-05-09,114,108.5,10.542431272854406,0.5217012904947165,False
2021-05-16,115,110.375,10.140970649513154,0.45607074113975826,False
2021-05-23,125,114.25,8.827716093564241,1.2177555197812922,False
2021-05-30,135,117.0,11.42678557475506,1.5752461514432365,False
2021-06-06,138,122.125,10.315556906232265,1.5389377562745965,False
2021-06-13,117,121.625,10.473606283006367,-0.44158620011372335,False
2021-06-20,114,122.375,9.530964574180706,-0.878714838861934,False
2021-06-27,126,123.0,9.591663046625538,0.3127716210856089,False
2021-07-04,140,126.25,10.471048521655277,1.3131445214453445,False
2021-07-11,140,129.375,10.363914042759925,1.025191829666174,False
2021-07-18,111,127.625,12.223367550954048,-1.3600998195216996,False
2021-07-25,153,129.875,15.094346150605126,1.5320305874311042,False
2021-08-01,153,131.75,17.052440127023356,1.2461559660499664,False
2021-08-08,153,136.25,17.351409987993215,0.9653394168883465,False
2021-08-15,165,142.625,17.377633407836207,1.2875746354454858,False
2021-08-22,159,146.75,16.773703909904484,0.7303097792710326,False
2021-08-29,179,151.625,19.906477768376284,1.3751804974503483,False
2021-09-05,186,157.375,22.538459194389155,1.270051326628666,False
2021-09-12,183,166.375,14.212042177574094,1.169782624641618,False
2021-09-19,170,168.5,13.158375931050887,0.11399583108583547,False
2021-09-26,194,173.625,14.201986782539644,1.434658425752772,False
2021-10-03,216,181.5,18.07128740769264,1.909105821941271,False
2021-10-10,197,185.5,17.42740042904528,0.6598804019464423,False
2021-10-17,209,191.75,15.415669208401534,1.1189913176522208,False
2021-10-24,238,199.125,21.397179386879188,1.8168282509160185,False
2021-10-31,213,202.5,21.159260046473452,0.49623663478487295,False
2021-11-07,181,202.25,21.43261866541615,-0.9914794049076782,False
2021-11-14,172,202.5,21.010201603710836,-1.4516757418745125,False
2021-11-21,244,208.75,25.14955267991862,1.4016153865092944,False
2021-11-28,251,213.125,29.293770668864088,1.2929370011166494,False
2021-12-05,276,223.0,35.69713874088113,1.48471283328104,False
2021-12-12,267,230.25,38.246381714950715,0.9608752083764888,False
2021-12-19,287,236.375,43.25980483411496,1.1702549328210745,False
2021-12-26,311,248.625,49.16717110314276,1.2686310519909696,False
2022-01-02,351,269.875,52.39530376992636,1.5483257880559096,False
2022-01-09,559,318.25,103.17080151726209,2.3335090593409684,True
2022-01-16,598,362.5,137.10892437349636,1.7176124827474977,False
2022-01-23,597,405.75,150.80048313677818,1.2682320110774017,False
2022-01-30,537,438.375,146.9022391154841,0.6713648518486368,False
2022-02-06,425,458.125,130.24749791948295,-0.2543235035538063,False
2022-02-13,340,464.75,121.34337347261403,-1.0280742691578029,False
2022-02-20,248,456.875,134.11875068652515,-1.5573885003462502,False
2022-02-27,251,444.375,149.2073700784056,-1.2960150688158711,False
2022-03-06,324,415.0,146.52547316324998,-0.6210524220495995,False
2022-03-13,370,386.5,126.67506237839962,-0.13025452437285356,False
2022-03-20,393,361.0,94.75984683096831,0.33769577590264876,False
2022-03-27,372,340.375,63.91721766696136,0.49478061083292235,False
2022-04-03,396,336.75,59.07078078760384,1.0030339739886047,False
2022-04-10,399,344.125,63.081438293232196,0.8699072418881001,False
2022-04-17,412,364.625,53.2646693409431,0.889426341816866,False
2022-04-24,436,387.75,33.30701341845509,1.4486438454810584,False
2022-05-01,423,400.125,23.04924851579466,0.9924401649938716,False
2022-05-08,422,406.625,20.53524844192136,0.7487126363961074,False
2022-05-15,453,414.125,25.26113615813836,1.5389252390168395,False
2022-05-22,474,426.875,26.664248402254803,1.767347771783246,False
2022-05-29,431,431.25,23.566016694748136,-0.010608496261301316,False
2022-06-05,398,431.125,23.763342117038874,-1.3939537560353767,False
2022-06-12,376,426.625,30.387673722838986,-1.6659715535233912,False
2022-06-19,381,419.75,33.9737293465744,-1.1405871755997607,False
2022-06-26,389,415.5,35.596950110126876,-0.7444457999355706,False
2022-07-03,381,410.375,37.43160429369819,-0.7847646542081402,False
2022-07-10,387,402.125,33.79111252554864,-0.44760290116415535,False
2022-07-17,442,398.125,24.75270547983458,1.7725335129828084,False
2022-07-24,447,400.125,28.195427694169624,1.662503598400567,False
2022-07-31,482,410.625,40.32346888422606,1.7700610085140973,False
2022-08-07,400,413.625,38.217189475791855,-0.3565149658278918,False
2022-08-14,450,422.25,37.58324094593233,0.7383610168138894,False
2022-08-21,418,425.875,35.24379377989839,-0.22344359546478723,False
2022-08-28,405,428.875,31.72397696200334,-0.7525853403750649,False
2022-09-04,456,437.5,27.856776554368324,0.6641112967214057,False
2022-09-11,474,441.5,30.743175781673273,1.0571451768939892,False
2022-09-18,466,443.875,31.93939573630041,0.6927181773465441,False
2022-09-25,492,445.125,33.7868846067313,1.3873726608892842,False
2022-10-02,470,453.875,29.181390841229216,0.552578185451587,False
2022-10-09,492,459.125,32.024265353456215,1.02656531343199,False
2022-10-16,504,469.875,30.65213812164783,1.1132991722981793,False
2022-10-23,500,481.75,17.515299434657656,1.041946217824206,False
2022-10-30,423,477.625,26.185805860645825,-2.086053806810465,True
2022-11-06,522,483.625,30.397074577286997,1.2624570138296858,False
2022-11-13,513,489.5,31.039145790897273,0.7571084642056017,False
2022-11-20,607,503.875,51.948979090752424,1.9851208205621418,False
2022-11-27,573,516.75,55.026616936066276,1.0222325691102387,False
2022-12-04,579,527.625,57.95549400802558,0.8864560794337406,False
2022-12-11,581,537.25,59.83489187517839,0.7311787258054532,False
2022-12-18,657,556.875,70.6428390870987,1.4173411104917717,False
2022-12-25,637,583.625,50.293247203632795,1.0612756775057588,False
2023-01-01,705,606.5,59.1052330291369,1.66651910417886,False
2023-01-08,1165,688.0,198.0245295050951,2.4087924924862754,True
2023-01-15,1224,765.125,269.29666991734496,1.703975768214446,False
2023-01-22,1237,848.125,301.9666194891652,1.2878079062442633,False
2023-01-29,1054,907.5,287.85909251378035,0.5089295555011408,False
2023-02-05,889,946.0,256.88296390157353,-0.22189093092930812,False
2023-02-12,676,948.375,253.8998326112091,-1.0727655753010341,False
2023-02-19,500,931.25,281.0682428572413,-1.534324887137955,False
2023-02-26,448,899.125,322.2866680900273,-1.3997631446361383,False
2023-03-05,613,830.125,316.26636038991836,-0.6865257491574855,False
2023-03-12,681,762.25,275.2701270700162,-0.29516461108521846,False
2023-03-19,669,691.25,197.62717424483913,-0.11258573161823691,False
2023-03-26,719,649.375,135.5148252300938,0.5137814248867759,False
2023-04-02,761,633.375,107.92978868558158,1.1824816999484176,False
2023-04-09,717,638.5,111.1678267948318,0.7061395573098446,False
2023-04-16,791,674.875,106.90240876612653,1.0862711265379437,False
2023-04-23,820,721.375,67.9157829331929,1.4521661348881896,False
2023-04-30,817,746.875,59.142533643007624,1.1856948913160203,False
2023-05-07,801,761.875,55.12955520537835,0.7096919221322328,False
2023-05-14,821,780.875,43.51826381778447,0.9220266729391497,False
2023-05-21,833,795.125,38.768313644742754,0.9769576347083672,False
2023-05-28,836,804.5,38.40386885272299,0.8202298607153619,False
2023-06-04,741,807.5,30.771043902622917,-2.161122651881549,True
2023-06-11,685,794.25,53.39542516519026,-2.0460554375587714,True
2023-06-18,711,780.625,59.449708637998064,-1.1711579685606444,False
2023-06-25,698,765.75,63.77807505046591,-1.0622772786163774,False
2023-07-02,711,754.5,64.60428999466127,-0.6733298981165914,False
2023-07-09,715,741.25,59.70104090980567,-0.43969082615590604,False
2023-07-16,658,719.375,52.960733432556324,-1.1588774554672465,False
2023-07-23,773,711.5,34.66575090365545,1.7740853262034753,False
2023-07-30,731,710.25,33.61441017522953,0.6172947819649884,False
2023-08-06,756,719.125,35.32476872839069,1.0438851074589877,False
2023-08-13,768,726.25,39.0082408875722,1.0702866637931707,False
2023-08-20,719,728.875,37.5135689736775,-0.2632380834499934,False
2023-08-27,712,729.0,37.44710555284235,-0.453973671636943,False
2023-09-03,768,735.625,39.26080379062197,0.8246137845943249,False
2023-09-10,794,752.625,28.93311251835867,1.4300224344597108,False
2023-09-17,840,761.0,42.28812734427617,1.8681366369535608,False
2023-09-24,798,769.375,42.13223231683794,0.6794085768999275,False
2023-10-01,775,771.75,41.80481858760854,0.07774223426395492,False
2023-10-08,862,783.5,52.454061534151705,1.4965476019219284,False
2023-10-15,874,802.875,53.83423631853621,1.3211852691501862,False
2023-10-22,917,828.5,53.184315625675126,1.6640244207124095,False
2023-10-29,947,850.875,61.15188935289387,1.5719056437534438,False
2023-11-05,887,862.5,57.5276331116497,0.425882287777256,False
2023-11-12,821,860.125,58.963517776430464,-0.6635458920268062,False
2023-11-19,676,844.875,86.61810681705894,-1.949650092868816,False
2023-11-26,925,863.625,85.56023358680464,0.7173309074446641,False
2023-12-03,921,871.0,87.91066894459236,0.5687591802027306,False
2023-12-10,994,886.0,98.13838625707506,1.1004868137641095,False
2023-12-17,1039,901.25,112.12588588597322,1.228529869900741,False
2023-12-24,1008,908.875,117.62098634415302,0.8427492667844605,False
2023-12-31,1048,929.0,126.76186898500444,0.9387681086816206,False
2024-01-07,1756,1045.875,310.6368745933793,2.2860293097190953,True
2024-01-14,2001,1211.5,419.4332911373222,1.8823017072851238,False
2024-01-21,1875,1330.25,459.31742836517753,1.1859989766530257,False
2024-01-28,1711,1429.0,443.40887290561585,0.6359818606066249,False
2024-02-04,1378,1477.0,409.0448805274481,-0.24202723151636368,False
2024-02-11,1038,1476.875,409.1979742653391,-1.072524859850399,False
2024-02-18,833,1455.0,441.2650644939582,-1.4095836041616125,False
2024-02-25,714,1413.25,497.4924981487517,-1.4055488325995265,False
2024-03-03,780,1291.25,520.5693997921891,-0.9820976803555695,False
2024-03-10,1041,1171.25,437.6279404765129,-0.2976272489781543,False
2024-03-17,1050,1068.125,332.7347452766028,-0.054472820339014086,False
2024-03-24,1111,993.125,213.31963776723154,0.5525745366613735,False
2024-03-31,1188,969.375,170.65917371014248,1.2810621031795542,False
2024-04-07,1217,991.75,191.41409860001733,1.176768073237316,False
2024-04-14,1189,1036.25,190.61535689895058,0.8013520132114862,False
2024-04-21,1209,1098.125,146.24288749493823,0.7581565291771035,False
2024-04-28,1247,1156.5,78.74733555583244,1.1492452330128025,False
2024-05-05,1148,1169.875,64.04114191004773,-0.34157729465108,False
2024-05-12,1214,1190.375,42.96821915256521,0.5498249745030352,False
2024-05-19,1206,1202.25,28.63439490243482,0.13096138447406594,False
2024-05-26,1205,1204.375,28.050655709168364,0.022281119075434612,False
2024-06-02,1143,1195.125,34.704620935629436,-1.5019613698326255,False
2024-06-09,1013,1173.125,73.37854396406165,-2.1821773961394473,True
2024-06-16,1020,1149.5,88.9510298663581,-1.4558572305971447,False
2024-06-23,1037,1123.25,87.03324487967647,-0.9910006241780447,False
2024-06-30,1074,1114.0,87.95453370918419,-0.45478042248802475,False
2024-07-07,1049,1093.375,80.15509519496753,-0.5536142136948775,False
2024-07-14,1109,1081.25,66.93013414854984,0.4146114504777405,False
2024-07-21,1104,1068.625,46.730037754868654,0.7570077342022774,False
2024-07-28,1079,1060.625,36.54718085668784,0.5027747577043968,False
2024-08-04,1106,1072.25,33.93165399530599,0.9946464738992351,False
2024-08-11,1071,1078.625,26.741821179568568,-0.2851339087491055,False
2024-08-18,1083,1084.375,20.797922286338917,-0.066112373201008,False
2024-08-25,1118,1089.875,23.32648709085921,1.205710910967865,False
2024-09-01,1055,1090.625,21.87586732974473,-1.6285068593170935,False
2024-09-08,1186,1100.25,40.297997114355354,2.127897318486166,True
2024-09-15,1133,1103.875,41.953843685650796,0.6942152957003421,False
2024-09-22,1156,1113.5,44.20407221060094,0.961449881755639,False
2024-09-29,1246,1131.0,64.06246951218803,1.7951228055315755,False
2024-10-06,1267,1155.5,74.4714710476436,1.4972176382640159,False
2024-10-13,1258,1177.375,75.82298464186185,1.0633319221185993,False
2024-10-20,1299,1200.0,82.30257763712083,1.202878486218251,False
2024-10-27,1276,1227.625,61.01741554671104,0.7928064400395193,False
2024-11-03,1151,1223.25,65.51717332119888,-1.102764303426116,False
2024-11-10,1024,1209.625,92.67290789191236,-2.003012576410151,True
2024-11-17,1310,1228.875,95.88153032332595,0.8460962160953746,False
2024-11-24,1318,1237.875,100.9631297624464,0.7936065392240127,False
2024-12-01,1384,1252.5,113.48253484252865,1.1587686174130043,False
2024-12-08,1449,1276.375,133.18616133603592,1.296118142217927,False
2024-12-15,1399,1288.875,140.1248805275393,0.7859061116441538,False
2024-12-22,1440,1309.375,149.64523523511014,0.8728978226053965,False
2024-12-29,1533,1357.125,152.802802423815,1.1509932881478953,False
2025-01-05,2116,1493.625,261.67096978566695,2.378464070774773,True
2025-01-12,2960,1699.875,567.6426032284751,2.219926751151203,True
2025-01-19,2642,1865.375,629.9859267135599,1.2327656334347188,False
2025-01-26,2452,1998.875,626.5557636794988,0.7231997952408693,False
2025-02-02,2147,2086.125,586.3547043264122,0.10381941093136021,False
2025-02-09,1662,2119.0,548.4755496568908,-0.8332185459969635,False
2025-02-16,1378,2111.25,559.7623858133276,-1.3099308181177576,False
2025-02-23,983,2042.5,664.8415493290755,-1.593612795513749,False
2025-03-02,1108,1916.5,740.1717947303082,-1.0923139813704845,False
2025-03-09,1453,1728.125,618.4125847684535,-0.4448890704625821,False
2025-03-16,1580,1595.375,496.1036578031993,-0.03099150703319174,False
2025-03-23,1626,1492.125,359.4994287696628,0.37239280312118633,False
2025-03-30,1581,1421.375,251.75721723233866,0.6340433921013958,False
2025-04-06,1654,1420.375,250.6784722080677,0.9319707350301983,False
2025-04-13,1575,1445.0,255.54982740302103,0.5087070545932334,False
2025-04-20,1768,1543.125,196.75832710641217,1.1428995321676099,False
2025-04-27,1806,1630.375,113.304819592358,1.5500223258979997,False
2025-05-04,1722,1664.0,90.83265617921283,0.6385368703252055,False
2025-05-11,1666,1674.75,84.32716898231018,-0.10376252524065571,False
2025-05-18,1695,1683.375,82.12870996186213,0.14154611713003,False
2025-05-25,1709,1699.375,71.05719527253859,0.13545426276795033,False
2025-06-01,1706,1705.875,68.65116272035621,0.0018207994598602104,False
2025-06-08,1516,1698.5,85.75713214820908,-2.1281028811060967,True
2025-06-15,1384,1650.5,134.7632845293647,-1.9775415902832947,False
2025-06-22,1446,1605.5,135.52437840793357,-1.1769100280976674,False
2025-06-29,1557,1584.875,127.58463577450814,-0.21848242016590466,False
2025-07-06,1512,1565.625,125.19121089642792,-0.42834476650572983,False
2025-07-13,1581,1551.375,114.38273783349179,0.2589988713430294,False
2025-07-20,1549,1531.375,95.27694594481405,0.18498703778990447,False
2025-07-27,1543,1511.0,65.31681034990373,0.4899198204654395,False
2025-08-03,1586,1519.75,70.56051101207599,0.9389104337504263,False
2025-08-10,1581,1544.375,46.78808609036702,0.7827847441603419,False
2025-08-17,1531,1555.0,26.516841009865004,-0.9050851868467791,False
2025-08-24,1601,1560.5,31.14940953349386,1.3001851594153584,False
2025-08-31,1597,1571.125,26.373349643687305,0.9811040444077004,False
2025-09-07,1655,1580.375,39.8602469349338,1.8721660235024318,False
2025-09-14,1741,1604.375,66.90064595032737,2.0422074863289335,True
2025-09-21,1762,1631.75,81.4278822025947,1.5995749425968686,False
2025-09-28,1554,1627.75,84.71591181286637,-0.8705566454022289,False
2025-10-05,3928,1921.125,815.094286833475,2.4621384696443194,True
